﻿author,comment,label
xx xx,그동안 웅이를 사랑해주셔서 감사합니다.,0
승한달,"라면 5봉지 다 먹었고 국물까지 다 먹었다니, 정말 배가 크시네요 게다가 식당 할머니들한테 엄청 호의를 베푸시는 모습, 정말 보기 좋습니다️ 전여친한테는 주먹을 휘두르니 얼마나 잘하는 짓입니까",0
박희순,지금까지 웅이를 시청해주셔서 감사합니다.,0
아리,웅이 되게 선하다고 생각했고  좋아하는 유튜버였는데…. 설마 이런 사람일줄은…ㅠㅠㅠ,0
낑깡꽁,지금 이렇게 편안하게 밥묵고 방송해도 되는 부분? 척척 예술이네요,0
춘천기차,웅이님  화이팅하세요 ^^,0
김춘식,"와 진짜 다른 유튜버는 못믿어도 웅이는
믿었는데 소름..",0
Julie,유일하게 믿고 보는 먹방 유투버 중 하나 였는데... 멀리 안나간다 웅아 잘가,0
sull 4,Its their private life it has nothing to do with his content but still cant believe I thought he is so pure and sweet,0
성이이름,하..웅이 진짜 착한애줄 알았는데ㅜㅜ,0
얼룩말,웅이가 저랬다는게상상이 안가네ㅋㅋㅋ,0
섭섭한대요,아직도 구독자가 100만이라는게 소름돋는다,0
꼬부기,멘탈이 진짜 갑이다!!! 유튜버로써 인정,0
생과일쥬스,웅이 폼 미쳤다,0
하이,웅이는 마음씨 착한줄알았는데,0
금찌,바르고 따뜻한 젊은이라고 느꼈는데ㅠㅠ,0
지나가던 고양이,진짜 개충격이다 진짜ㅋㅋ....와,0
굳굳굳,ㅋㅋㅋㅋㅋㅋㅋㅋㅋㅋㅋㅋㅋㅋㅋㅋㅋㅋㅋㅋㅋ 아무말 안하고 웃다갑니다 ㅋㅋㅋ,0
양양,진짜 오랜믄에 조으하는 유튜버생겨서 좋아했는데 이럴수가 충격...역시 사람 속은 모르느봐요...ㅜㅜㅠㅠ,0
유튜브사용자,와 진짜 웅이는 그럴줄 상상도 못했는데..,0
배유정,ㅠㅠ 증맬 좋아했었다 웅아,0
당구치는엠제이,대단하네~,0
김현석,이래서 할머니가 키웠구나,0
야뚜링,웅이씨 방송 잘바왔고 늘 즐겁고 순수해보여서 좋았어요 저는 잘못한게 있다면 반성하고 사과하고 잘 해결하면 된다 생각해요 사람들은 여러가지 실수  잘못을해요 상대방에게 백퍼 다 용서받진 못하지만 진심으로 사과하고  좋은 마무리 해결하시길 바래요  나쁜생각하지 마시고 잘 이겨내세요 꼭 잘못한거 인정하고 그댓가는 꼭 치르시기를 응원할께요,0
최지원,이야.... 진짜 맨탈 굿,0
져퓨,"근데 여기가 라면 맛집인가 ? 
   맛있게 보이네",0
감오리,늘 잘봤어요 행복하세요.........,0
킴경애,보기좋다 ㅋㅋㅋ,0
밥쌤,지금한국에서 어쩜이세상에서 제일슬프고힘들고불안장애최고조로오지는사람은 이분일듯...,0
주유,"106만명에  조회수엄청나다.
돈많이벌겠다.부럽다",0
곰인형,"뭐가 부족해서 그랬을까..
흘러간 인연은 그대로 두지ㅜㅜ",0
youtube fruit,형은...형은 진짜 믿었는데... 그냥 순박한 청년인줄 알았는데.... 이제 형 다시는 좋게 못 볼거 같아...,0
토깽이,"님들 착각 하시면 안되는게 아무리 인성에 문제 있어도 사회성 있으면
웃으면서 깎듯하게 대할수 있어요 굳이 안좋은 모습을 보여줄 필요가 없어서
안보여줬을뿐 왤케 보여지는 이미지만 생각하는지 모르겠넹..",0
Catherine Sanchez,Hope for your comeback... just stay safe and healthy and always pray well always be here 4u... ,0
룰루이당,아니 다들 드립 ㅋㅋㅋㅋ천재들만 모였냐고요 ㅋㅋㅋ,0
Willowᆞ,본인이 실시간 댓글검열중인 웅이면 개추 ㅋㅋㅋㅋㅋㅋ,0
도시락폭탄,조회수 혜자 ... 장사 잘하는듯,0
Jane Sohn,힘내세요~ ,0
뚱이조아,조회수 달달하게 먹으시는데,0
민카tv,ㅜㅜㅜㅜㅜㅜㅜ웅이형 우야노,0
INTP,9:05 계란하나에요 ,0
추천인코드,왜 대체 왜 제일 좋아한 유튜버였는데 ㅜㅜ,0
여니,웅이오빠 저는 오빠를 믿어ㅏ요 ㅠㅠㅠ   화이팅 ,0
올,웅이 악플러님들 감사 드려용,0
여니,웅이오빠 저는 오빠를 믿어ㅏ요 ㅠㅠㅠ   화이팅 ,0
권용환,"인생알수없다 잘나간다해도ㆍㆍ
자기중심 끝까지 잘 잡는자가
승자이다",0
김동현,마지막 영상 잘봤다 다시는 보지말자 ㅋㅋㅋㅋㅋ,0
투팡이,웅이님 항상 먹방 잘보고 있어요,0
여니,웅이오빠 저는 오빠를 믿어ㅏ요 ㅠㅠㅠ   화이팅 ,0
해피 휴먼 (happy human babo),충분히 해복하게살았으니까 이제 가야져,0
여니,웅이오빠 저는 오빠를 믿어ㅏ요 ㅠㅠㅠ   화이팅 ,0
여니,웅이오빠 저는 오빠를 믿어ㅏ요 ㅠㅠㅠ   화이팅 ,0
예방구,만약 웅이씨가 집을 해주고 차를 사주고 했다고 해도 폭력은 나쁜거에요 빨리 어떤이유인지 밝혀주세요~~,0
오로라,요즘 웅이 청년이 영상을 안 올리네요? 걱정되요 ㅜ 무슨일 있어요?,0
뿌에에에엥,"명품 좋아하시는거 같던데 !!!!! 
그동안 사랑해준 구독자들을 위해 
무나 어떠신지요 !!!!!!!?",0
MJ,"웅이님! 정말 진심이였던 팬으로서 처음으로 댓글을 남겨 봅니다. 제가 웅이님 영상으로 지금 껏 좋은 기운을 많이 받았습니다. 
웅이님께서 처음 유투브를 시작 하셨을 마음으로,
현재 상황을 웅이님이 매번 말씀 주시는 ""콜라""님을 생각해서 
잘 마무리 해주시길 바랍니다.",0
마채영,웅이님 항상 응원합니다^^,0
여니,웅이오빠 저는 오빠를 믿어ㅏ요 ㅠㅠㅠ   화이팅 ,0
Jenny Lee,힘내세요!! 잘 해결됬으면 좋겠어요.,0
햄이,이제부터 히밥 많이 봐야디,0
칭찬맨,ㄷㄷㄷ 무서웡 ,0
ZEPETO 화니,선한 영향력 웅이 ,0
로사라,와 진짜 너는 순박하다고 믿은 내가 ….,0
모범시민,와 이런 상황에서 영상을 멘탈인정,0
탄냔,착했던웅이가,0
werdcu :,결과든 뭐든 들고 와서 알려줘 ~~,0
Creezy,개맛잇겟네,0
Chulmax,"댓글 왜이렇게 웃겨 ㅋㅋㅋㅋㅋㅋㅋ
웅이 최고~~~~~",0
Hwa-Hun Lee,이 영상이 180만이 넘었다는 것이 신기하네.,0
조현준,"이 와중에도 영상 올리는거는 ㄹㅇ
레전드닼ㅋㅋㅋㅋㅋ",0
Jinhee Lee,난 진짜 좋은 사람인줄 알았는데..,0
뽀삐,전 웅이님이 그러셔도 항상 잘 볼게용!,0
주요56,언제나와요웅이님,0
창렬스러운 혜자 누님,먹방러들 중에서는 쯔양과 야식이 두명이 인성이 좋은것 같음,0
아영,대단합니다 정말 ,0
명진,뉴스실화 ㄷㄷㄷㄷㄷㄷㄷㄷ,0
Greicy Sousa,Pq não está lançando vídeo? Estou com saudades ,0
박준희,음…네!!! 안녕하세요 섭이입니다~ 웅이님 정말 그러시면 안되는거죠~!,0
2226 최우진,설레는 댓글창 열기 ..ㅎ,0
뚜비♡,웅이님..ㅜㅜ 정말 왜 그러셨나요,0
옥자,조회수 더 잘나오네..ㅎㅎ,0
이명진,오디갓누 웅이,0
삼번닭알,방송출연 축하합니다.,0
123 123,정말팬이였는데ㅠㅠ,0
권마녀,강남오빠는 더 소름일듯ㅠ,0
나아가자,웅이 구독자  얼마나  빠졌나 확인하러온사람 ️,0
유민준,???:난  아~무것도 몰라요~,0
윤이찡,여기 댓글맛집이네,0
민성 강,,0
남목진호,ㅋㅋㅋㅋㅋㅋㅋㅋㅋㅋㅋㅋㅋㅋㅋㅋㅋㅋㅋㅋㅋㅋㅋㅋㅋㅋㅋㅋㅋㅋㅋㅋㅋㅋㅋ,0
qwerqwer,조회수 미친 ㅋㅋㅋㅋㅋㅋㅋㅋ,0
주니사랑,웅이ㅜㅜ,0
온리주현,"매일 알림 왔는데
안 오니 아쉽 ㅠㅠㅠㅠㅠㅠ",0
포켓돌이,그래 힘내라...,0
구독자모이면 영상 올림 ᄏ,얼른 유노로 갈아타~~~,0
빈,가버려 가버려 가버렸!!,0
스마트뽕,구독자 숫자 확인하러오신분 ️,0
도영은,해명하라 빨리 커뮤니티 작성하고,0
김동욱,조회수봐라 ㅎㄷㄷ,0
DK K,저는 웅이님 응원할게요!!,0
chltoqha,개맛있겠노근데,0
ᄏᄏ,링크도배 합시다~,0
임주현,"진짜 실망이너무크다 진짜내가지금까지속은거라니
먹방 하는거보니 철판인증 인가??
지금까지 잘보고 갑니다 ㅎ....",0
지우사랑,"다 떠나서 흥근한 저 국물에 맛이 있을수가 없다.
유튜버 해서 돈 마니 버세욤.ㅠ",0
도현 박,구최 해야 겠다,0
Lals,anyone please explain me what did he exactly do?,0
Jason Baby,조회수200백만이네,0
아재아재동네아재,이거 편집한거 같은데...쯔양은. 자연스러운데!,0
훗,구독자 몇명인지 확인하러오신분?ㅋㅋㅋ,0
빈지노,사실이면 2월말에 사건이 난건데 시치미 뚝때고 영상을 계속 올린거네?,0
요냄새나,세달만 쉬다와라,0
cute,이러니까 아이유가 좋아하겠냐고....,0
박승민,예라이 ㅋㅋㅋㅋㅋ,0
ana va,귀여워,0
밀키스사랑해,웅아….왜그랬노,0
여름꾹~,안타깝네요...,0
정다희,쿠ㅕㄹ라님둘 안녕쉐요~~^^^^,0
라라셀,조회수 개꿀빠네,0
까마귀치,왜그러셨어요 난웅이 좋아하는데 ,0
Q Jang,그래서 현재 진행상황은 뭐길래 조용한거징,0
초이,강아지는어디갔어요?,0
김경숙,그래도 댓글창은 안 막네?,0
SMT모데카이저,리리코가 웅이 표절했네;ㅋㅋ,0
하포크라테스,요즘 바쁜가 영상이 안올라오네~~~?,0
키키,우짜노~,0
김율,심심한데 뭐 할까요?,0
태양,ㅋㅋ,0
몰보냐,실화?,0
주요56,웅이님힘내세요,0
강구민,잘가라~~,0
양승빈,앙기모띠,0
분해요,그래서 지금은 뭐하고있는거지?,0
효령,영상 왜 안올리세여 영상 올려주세요,0
고수인ㄷ,지금 조회수 213만 이유 댓글꿈잼 이여서 맞죠 공감하면 좋아요!,0
بلوندي Toffee,Are you okay ?,0
양화숙,먹방 영상좀 올려라 ㅋㅋ개웃기겟노,0
문윤재,왜 그랬나요?,0
lupangs,댓글보려고들어온사람,0
m Rx-v,体調悪いのかな。　風邪かな。,0
배고파,해명해 ㅋ,0
소심한H,10,0
오오지지,멀리안갑니다 아재요,0
수미 김,어쩌지....,0
Adi,Why hasn’t he posted?,0
모두까기,가자.,0
양태야도끼꺼내라,뭐하셧어요??,0
zanilia～,都是人设罢了,0
بلوندي Toffee,Still waiting for your news,0
Lee웃고살자,싫으면 안보면 돼는데 왜 와서 다들 악플을 쓸까,0
조조_Log,행님들 이사람 논란터진거잇나요? 잇으면알려주세요,0
김재훈,니지금뭐하노 빨리 반박문이라도 올려봐라 난 니누군지 모르는데 뭐라 반박할지 궁금해서 맨날 와본다,0
ᄒᄒ,댓글창 안 닫네,0
요한,영상 좀 닫아라,0
Roslaili 11,What happened to you. Why no new video...if i'm not mistaken your subscriber already more than 1.13 but why now 1.05...,0
YoungJea Kim,이분 영상 언제내려요??,0
성진희,웅이님 혹시 어디 아프시나요..요즘에 안보여서 걱정입니다 아프시면 빨리 쾌차하세요 보고싶어요 ㅋ,0
폴리,오늘은 해명글 올려?,0
Ci Ci,Bad guy??,0
사현똥,조회수 짭짤하네 ㅋ,0
Legendary,ㅋ,0
윤남철,웅이님 힘내시길,0
고타,뭐라고 말 좀 해봐라,0
배현덕,ㅋㅋ님,0
쭈바쭈,잠수탄거야 ??,0
배현덕,즈기여,0
김수호,아직 결과안남,0
ㅎㅇ,구독자 진짜 많이 떨어졌다,0
별빛,쯔양하고 너무 비교되노,0
J&S,"뭐가 있겠지... 싸움은 한쪽만은 아니니깐... 근데 진짜 폭력이었다면... 
그건 어떠한 경우이든 용서가 안되는거... 

시간이 지나면 진짜 사실이 수면위로 올라오겠죠.
첨부터 정말 팬이었는데... 속이 상하네요.",0
JHS,웅이님 저는 웅이님을 엄청좋아하던 6학년구독자에요 웅이님이 이사건의 주인공이라는걸듣고 많이 놀랐고 슬펐어요 다시 예전 착하던 모습으로 돌아와주세요,0
피닉승명주현,영상다음에못올릴거갓대,0
만우절,웅이형 그래도 난 형팬이야,0
정용규,영상 안내리노?,0
아토아빠,안녕. . . . . .  .,0
여니,웅이오빠 저는 오빠를 믿어ㅏ요 ㅠㅠㅠ   화이팅  자적자는 무시하세요 ㅠㅠㅠㅠ 존못남들이 열등감 느껴서 그러는거에용 ㅠㅠ,0
Samah Ibrahim,اطفح بالسم الهاري,0
아쿤,ㅋ ㄹㅈㄷ,0
김과하,형 얼굴 너무 잘생겼고 먹방하는 모습이 너무 좋아요 제발 영상 지우지 말아주세요 ... 항상 밥먹을떄마다 보고 있어요 힐링되네여 너무  갈시간이 된다면 영상만큼은 지우지 말아줘용 ㅜㅜㅜ 제발 화이팅 하라는 말은 아직 못하겠고 힘내요 !,0
"이재윤 ,로드튜브 Korea Road Tube",구독자 많이 떨어짐 ㅋㅋ,0
JAEWON OH,실망 실망,0
khb,사람은 미워하되 죄는 미워하지맙시다.,0
둘리,"좋은 이미지 끝까지 실망시키지 말아 주세요
할미들 걱정하십니다
앞으로 제발 그러지 마세요
간곡히 부탁드립니다",0
소닉붐,망말로 저는 웅이님 졸라 믿기 때문에 망말로 중립기어 받고 기다리겠습니다.  200만 팬들이 기다립니다.,0
박민규,메롱,0
Kyra Kwon,아.. 걍 맘이 아프다.. 어려서 한 실수치고는 너무 큰실수라 감당하기 힘들거 같기도하고 원래 그런 사람이라면 속은 사람들이 불쌍하고.. 진짜 좋게 본 사람이었는데..,0
기본소득 (하늬),난 널 믿는디ㅡ,0
ᄏᄏ,나,0
여우비,흠~~ 결과를 기다려 볼께요.. 무단침입은 맞는거 같은데 속사정은 재판 결과를 봐야 알겠죠.. 요즘 정부건 뭐건 거짓 뉴스가 많다보니 한때 팬이였기에.. 재판결과를 보겠습니다..,0
구름솜사탕,"사람은 100번 잘해도 1번 잘못하면 100번 잘한걸 잊습니다. 사람이 좋은점도 있고 나쁜점도 있는데 저는 그동안
할머니한테 깍듯히 대하고 실종아이들 사진 올려서 도움되어주려했던거랑 상인들 매출 올려주려고 했던거 웅이씨가 진심이자 좋은마음으로 했다고 생각합니다. 이번 불미스러운 사건은 진실을 자세히 알지 못하지만 사실이라면 그건 웅이씨가  정신차리고 올바른길로 나아갔으면 합니다.",0
하늘이,전진짜 팬인데 댓글도 안달고 했는데  진실규명하시고 잘못한거 인정할꺼있음하시고 오해가있음 풀어주시고   팬들도 진실된 웅이의 대응 기다릴껍니다  저또한 기다려봅니다,0
없음,재명이 쉴드치는 전라디언도 있는데....웅이 정도야 애교아닌가..,0
ᄏᄏ,락,0
XCZ zxcz,"에펨코리아,더쿠라는 실명사이트에서 님 명예훼손하고 성희롱합니다!!
꼭 고소부탁드립니다!!! 실명인증사이트라 유튜브라 달리 고소가 쉽습니다@@@@",0
배현덕,"즉
여",0
정지향,"웅이님!! 힘 내시고, 웅이님의 팬으로써, 빠른정리와 웅이씨를 기다리는 팬들 들을 위해서도, 빠른 웅이씨 판단을 기다립니다!!^^ 끝까지 기다립니다!  전 웅이씨~ 밎어요~~홧팅",0
민 히히,영상즘올려,0
Guomi D. King,힘내세요,0
Kyra Kwon,"아 뭐 여기에 댓글은 무조건 쌍욕 해야되는거임?? 당연히 욕먹을짓 한건 사실인거고, 그건 그거고 인간적으로 실망하고 거기에 대해 맘 아픈것도 내 자유 아님? 왜 나한테 난리야?! 아 진짜 어이없네ㅋ",0
이종원,웅이. 대박나라!,0
세나,난웅이믿음,0
이세찬,화이팅 무죄가자~,0
난 비이용신,웅이님 ... 뉴스에 안좋게  떴지만  팬이애요!!!,0
최태성,난 널 믿어,0
똥빵구뿡뿡,"요즘 여자들 행동보면 맞을여자들 많아요 
총대매고훈육하신거에요
죄책감 가지지마요
 그여자 다음남친을 살린거져~",0
FrowningDragon,Forever loyal  Have faith and everything will be ok 🫶,0
윤아 정,웅 이님  힘내세요 김건희란 사람도 저렇게 잘살고 있잖아요 아무것도 아닙니다 그냥 개인 사생활인데 공인이다보니 이렇듯 몹쓸사람이 된것 뿐입니다 힘내세요,0
blackmoon 78,"I really don't understand what's going on here. Woongei is really a great Koranic young man, I personally find him really nice and sweet, I also really enjoy watching his videos and I'm just wondering why he doesn't post anything anymore. I think he has never done or done anything wrong here and someone who lives in Germany says that :-)",0
져퓨,"웅아  힘네라  
 왠간하면   여자들  조심하고.
  니 수익을 알고   나쁜 의도로  접근하는  것들  많을꺼다 .    
어찌됫건  잘해결하기  바란다",0
떡게홍보,뭐 이유있는 폭행이 있을수도있지.. 이유없는 폭행은 없음.. 웅아 난 너 믿는다. 얼른 너 현재상태 입장표명하고  욕설 비난 하는사람들 죄다 고소하자,0
Ddd Dd,웅이님 응원해요 전여자친구가 무슨 문제가 있었겠죠 웅이님은 아무문제 없어요,0
Ddd Dd,웅이님 화이팅 하세요 전 언제나 웅이님편 여자친구가 잘못했겠죠 안봐도 뻔해여,0
Buu,웅이님 힘내세요! 악성 댓글들 꼭 법적조치 부탁 드립니다,0
Ddd Dd,웅이 화이팅 전여자친구가 괴롭혀서 충동적으로 그럴수있어,0
stella Min,"속사정이 뭔지는 모르겠지만
웅이님 안좋은일에 연류되서 속상하네요.
악성 댓글 많을거라 생각했지만....심한댓글은 슬퍼집니다....선넘지는 말아야죠",0
고양이왕,웅아컴백해라주먹이예의가없으면양아치고예의가있으면협객이다웅이넌협객이다이상한댓글다는음모론자들무시하고협객답게컴백홈,0
대깨웅,웅이오빠 괜찮아요!!! 사람이 살다보면 실수 할 수도 있죠.ㅎㅎ 오빠보다 더한 사람도 잘만 방송하고 사는데 너무 죄책감 느끼지말고 힘내세요.사람들이 유독 오빠에게만 가혹하네요. 열등감덩어리들...,0
담요,"사람이  실수  잘못  할수도  있어요.
잘못 한것  벌받고  용서를 구하고 다시는  안그러면 돼요.
이번에  잘못은  했지만   장점도
잘한것도  많으니  너무  몰아세우지 말고  우리  지커봐요.",0
해바라기,아따 이사람들아 그만좀 해라 니들은 얼마나 정직하고떳떳 하게 살길래 젊은사람 앞길 응원해주고 진심만 봅시다 더나쁜놈 들도 이해하면서 뭐 그리 죽을죄를 지은것도 아닌데 참고로 이런말로옹호한다고 욕하지마쇼 난그냥구독자일뿐 웅이하고는 아무 관련 없는사람입니다,0
성민,난 웅이 옹호한다 이정재 이이경 송강호 서장훈 등등 아무일없다는듯이tv나오잖음,0
현이,"웅이는 얼굴도 선하고 먹방도 잘 하고 









한국년은 맞을 짓 해서 맞았겠지 뭐 웅이 화이팅",0
HSK,여자한테 말안들으면 손지검할수도있죠 웅이형 힘내여 ㅜ,0
Ddd Dd,웅이 화이팅 전여자친구가 괴롭혀서 충동적으로 그럴수있어,0
Ddd Dd,웅이 화이팅 전여자친구가 괴롭혀서 충동적으로 그럴수있어,0
오감자,난 우리웅이 응원해ㅠ 남자가 그럴 수도 있지 이겨내고 더 좋은 먹방하자,0
요술,"웅이님 인성도 좋으시고~~ 마음이 좋으신게 느껴지셔서 데이트 폭력은 아닐꺼라구 믿을게요~! 딱 봐도 훌륭한 성품인게 느껴졌었기에~ 데이트 폭력은 아니겠다구 생각합니다. 힘드시겠지만ㅜㅜ 항상 힘내시구~! 웅이님 좋고, 맑고, 깨끗한 느낌이 나셔서 좋은 분이라는 생각이 들구, 원래 훌륭한 성품이셔서 웅이님은 데이트 폭력은 아닐꺼라구 생각해요!! 항상 행운을 빌게요! 항상 행복하세용~! 다 다치지 마시구, 다 건강하세요~^^!",0
Chris Roh Hyun,"털어서 먼지 안나오는 사람있음?
사랑에 집착해서 넘 오바한게 문제지
공인들은 인간 아님?
가식적인 사람들에 열광하는게 더 웃긴거지
죄 짖고도 많이 방송에 나오드만ᆢ
웅이가  진심으로 사과하고 잘 끝내고 돌아왔음 좋겠네요",0
푸코,착한 이미지 웅이..얼굴 다시 보니 소름이네요.,0
grece,   웅이님  화이팅  !!,0
서진이네,세상에 비밀은 없어요 죄값 치르고 당당히 사시길,0
한유리,"웅이님먹방 
중독이됬어요~
보면볼수록 매력이 뿜뿜입니다",0
ksj0613,웅이님  서울 강남구에있는 유정식당도 가주세요!!,0
DIL,와..추억의 김밥천국~~~ 개인적으로 김밥에 라면 그리고 유부초밥~먹고싶어요~!! 세분의 콜라님 탄생이네요~!!,0
홍연 이,오늘도 잘 먹는모습 보고 가요~,0
찌야,유튜브 안 본지 이년 가까이라 진짜 오랜만에 웅이님 보는데  깜놀..!오동통 올랐던 볼살들 어디갔어요 ㅋㅋ 완전 홀쭉해지셔서 놀랐네요 여전히 맛있게 드시는 모습보니 반갑네용 ㅎ,0
재돌이,웅이형은 너무 잘드셔서 조아요,0
IN아재FJ,어? 우리웅님 한잔하고 오신거같은 춤텐션? 오 좋은데요? 건강한거 많이 드세요. 한국인은 역시 한국적인 음식을 무줘야쥐 ,0
insun yu,어쩐지 요즘 살빠지고 웃음기가 사라졌다 했는데,0
Hk,너무맛있게먹는모습 보기좋아요오옹 인천 연수동 또랑돈까스도 양많구 맛있는데..!,0
Stefany Macedo,Põe legendas 🇧🇷,0
황태원,"김밥집 사장님 앞을 볼줄 아시네 ㅋㅋ
“수익이 생겨요?”",0
석재영,웅이씨화이팅!!!,0
시달,맛있겠다.,0
이경화,웅~이~님~^^~항상 먹는거 보면 즐겁고 배부름 대신 먹어주는거같아~~빠밤~,0
리머,사장님 목소리 진짜 좋은듯,0
살찐이,김천은 오래오래 우리 곁에 남아 주길,0
소유먹,가볍게 클리어 하는모습이 존경스러워요ㅎㅎ,0
생수,이 정도로 놀라시다니... 음랜디 영상보시면 기절하시겠네 ㅎㅎㅎ,0
"박하,시",웅이님 먹방보고 입맛이 확 돌아옵니다.,0
도연,"ㅋㅋㅋ. 구독자 또 늘으신거 축하해요 ㅎㅎㅎㅎ
저도 운동해야 하는데 땀나는게 너무 싫어서리 ㅠㅠ",0
호랑맘,"아무리 어려서부터  많이 먹어도 그렇지...
저거 다 들어가는 것 자체가 신기방기!!!

꼭 운동했어야 하는데..바로 잤을까봐 걱정됩니다",0
young,김밥천국이면 제육덮밥 드시는것도 보고싶어요!,0
Caroline Lee,"웅이님~해외팬입니다^^넘나맛나게드시고, 레스토랑주인분들께도 넘친절하시고, 복많이받으실꺼여요^^ㅎㅎ 겸손한모습을보고 많이배웁니다^^건강도 자주 체크하시구요~항상좋은 영상기대할께요^^",0
이닻별,"김밥천국 먹방 정말 오랜만이네요
저도 요새 분식이 자주 땡겨서 어제도 김밥에 군만두 시켜서 먹었는데 저희동네에 김밥나라라는 곳 김밥도 맛있어요ㅎㅎ
혼밥 하기에도 좋고 깔끔하고 휴게소처럼 쟁반에 반찬이랑 음식이 개인으로 나와서 먹기도 편하고 분식맛집입니다
김밥천국 보니까 이런저런 이야기를 올리게 됐네요ㅎㅅㅎ
김밥천국 하면 웅이님세트가 기억난답니다
ㅋㅋ 오늘도 맛있는 먹방 잘 보고 가요",0
ㅇㅇ,ㅋㅋㅋㅋㅋㅋㅋ진짜 ㅋㅋㅋㅋㅋㅋㅋㅋㅋㅋㅋ 대박이다 ㅋㅋㅋㅋㅋㅋㅋㅋㅋㅋㅋ,0
문어,8가지 먹어서가 아니라 다른 이유로 놀란 1인....ㅎㄷㄷㄷ,0
리브미,저도 김밥천국 좋아해요~~  ㅎㅎ 다양한 메뉴들을 역시 대단해요~~  그리고 맛있게 드시고요~~,0
태원🐶,웅이씨 분식집 털었다 ㅎㅎ,0
JAMES CHIN,앗 어머님 김밥에 깨소금 뿌려주는거 잊어버렷 어용... ㅋㅋ 웅아 맛나게 꼭꼭 씹어서 먹구 아주 천천히 먹구 그래라 그렇다 체하니까!! 아~ 형두 먹고싶다 해외는 가맹점이 업어어 아쉽다... 웅아 사장님보구 혹시 해외 가맹점주 욜어달라구 하면 안되겠지.. 부탁좀 할께...,0
Anamika Chhonkar,"As a big fan of Woongei's Mukbangs, it was shocking to hear the news but still waiting for the final judgment.",0
기범 박,웅이님 먹방 잘 보고 갑니다,0
민 히히,아 졸라웃기네ㅋㅋㅋ,0
Kerllen Lopes,🇧🇷🇧🇷,0
Yoo Yoon-sun,♡웅이님~오랜만에 김밥천국이네용~맛있겠당~♡^^♡,0
심우승,웅이님~ 먹는모습 직관하면~다들~놀랄것같아요~오늘도 영상 잘보고갑니다 ~,0
쪼꼬미,싸다 ! 김밥천국 오랜만이네!,0
밍디💕,웅이님 먹방 잘 보고갑니다! 저는 아파서 병원 입원했어요 웅이님 영상보고 힘 얻어서 가요  웅이님도 아프지마세요:),0
NK  ( 니사 ),"Woongei subtitle Indonesia please  ️, i like bibimbap its healthy food with lot veggies",0
여름이,김천은존맛이죠,0
장미영,웅이님  역시  넘  맛있게 드시는거갔아요  좋은 먹방부탁두려요,0
공복에한잔!,먹방좋아하는대 맛을느끼면서 먹어서 보기편해여 다른분들은 그냥삼키시는것같아부담스럽거든요오래오래방송하세여,0
고윤서,"김밥천국 가셔서 구독자님 획득 
음식도 먹고 
1석2조 ㅎㅎ",0
조슬기,웅이님점점멋있어지는거같아요오늘도잘보고가요!!!!,0
김희동,역시 국수는 식당에서 그래야 많이 먹을수있어요,0
현준 이,신기하긴하지ㅋㅋ이런사람 진짜 처음이긴하네ㅋㅋㄱㅋ,0
김성은,방송없을때 간헐적단식 꼭 하셔요 채소 과일쥬스로 디톡스도 한번씩해요 나중에 무리와요 웅이님 방송 잼있어요 ,0
song,아직 활동중~? 이런사람은 널리 알려야해요~ㅠ,0
키산,나도 이런사람 처음본다ㅋㅋㅋ,0
들꽃,인덕도 많은. 웅이군 가는곳 마다 인기맨!! 앞으로 도 계속 구독자도  인기도 쭉~욱  !! 승승장구!!     ️,0
Jenny Jou,"Μy lunch will be roasted lamp and potatoes in the oven with garlic, oregano, olive oil, lemon juice accompanied by kokoretsi,tzatziki,russian salad, pita bread, horiatiki salad with feta cheese and zero coke!!!
What a feast for our Orthodox Easter Sunday!!!

Thank u for another magnificent mukbang and commentation!!!",0
이민영,수능보시는듯 열심히  하시는 모습은 사랑입니다.,0
탱양,힐링하고 갑니다~,0
쮸야,운동이 힘들어서 살이빠졌군요~~근데 사장님 웅이 수익 걱정마세요~~어마어마 할껄요 ㅋㅋㅋㅋ,0
간지,잘보고 갑니다.. 지금도 교회가면 어르신들한테 무료로 국수줍니다.. 웅이님이 기독교신자라니  몰랐어요.. 항상 응원하고 먹방 기다리겠습니다.. 항상 웅이님 기다리는 팬입니다..,0
Virginia Calderon,You're the best mukbanger I know! I love your appetite ,0
Dorkas Stefanie,Love how he eat all the food also vegetable,0
반짝반짝 + 빛이 나는 나,"김밥천국도 많이 없어지고  예전같은 맛이 안나는곳도 있더라구요
유부초밥 있는 김밥집 오랜만이네요~^^
김밥천국 전성기때가  맛도 좋고 추억도있고 24시간해서  언제든지 밥걱정 메뉴걱정 없이 먹었는데  오늘먹방 너무 좋아요~
체크셔츠도 넘 이쁘당~*^^*♡",0
강효정,웅이씨 윗도리 남방 색깔이 너무이쁩니다. 김밥천국 안가밨는지 나도제법 십년이 덴것같네요. 웅이씨드시는것보니 간만에한번가바야겠어요,0
SON,웅이woongei님 먹방아주잘하군요.,0
B둥이,새벽에도 잘드시는 웅이님 ㅋㅋ 드시는거 보면 진짜 대리만족되요!!,0
김희원,사장님 덕에 구독자 세분 늘어서 제가 다 좋네요^^맛있는 방송 오늘도 맛있게 잘 보고가요 수고했어요^^,0
온리주현,"고생했어요 
웅이 ",0
Beverly Ramos,"Hello woongei, definitely agreed with you the fuller you have the sleepier you get. You are a very nice young man always promoting small business.thanks for sharing have a happy day.",0
godsonivi,오잉?좀전에 쯔양거 보구왔는데 메뉴비슷 ㅎㅎ신기하당,0
육회새우양념게장오징어볶음,오랜만에 김밥천국 땡기네,0
오로라,마쟈요 교회가면 먹을거 많이 먹고와요 물론 신앙생활 열심히 하고 있습니다. 오늘은 홍어무침 하고 밥먹고 왔어용^^ 언제나 친절한 웅이 청년 오늘도 잘보고 갑니다,0
Podob S,와 씨 급 김밥 라면 땡김 ㅋㅋ,0
장미 김,웅이님  오늘뭔지모르게 스탈이달라보이시내요..멋있어요..정말맛나게 잘드시내요..,0
soaic.k,웅이님 머리 잘 어울려요 ,0
Jeong Gogue,"I met you and Heebab at the same time as you competed eating show, now I still watch you both and I still will not miss any episode on either one of you. You are becoming a quite a young man",0
lgs8080,"김밥천국,분식",0
류혜인,뭔가 졸리셔서 그런가 자면서 먹는느낌이 ㅎㅎ 목소리 깔린 웅이님도 좋네요 ㅎ,0
ILRAN KIM,"아이코~
맛있겄네
웅이군 잘봤다오~",0
혜경 조,저 10시쯤 아점?먹고 배고파서 너구리 끓이다 알림떠서 보는데 뭔가 웅이님 이랑 같이 저녀먹는것 같아 외롭지 않아 행복해요^^ 귀여우신 사장님 이세용 저 1년에 라면 5개 먹으면 많이 먹는건데 웅이님 알고는 일주일에 한두번은 먹는듯해요 가족들이 놀랄정도^^ 웅이님 덕에 살은 쪘지만 행복해요,0
씨앙이 VLOG,"이것저것 골고루 맛있게 드시는 웅이님
좋은영상 감사합니다ㅎㅎ",0
강효금,요즘 김밥천국이 주변에 많이 없어져서 보기힘든데 웅이님 덕분에 오랜만에 김밥천국 메뉴보니 먹고싶어지네요~저도 주변에 김밥천국 한번 다녀와야겠습니다 ~^^,0
이홍교,초심을 잃지맙시다.웅이 화이팅,0
엔프피로그ENFPVlog,집근처에 김밥천국들이 다 사라져서 추억이 되었는데 웅이님덕분에 추억이 살아났어요 ㅎㅎㅎ 가면 많은 메뉴들 보고 다 먹고싶지만 골라골라서 먹었는데 웅이님은 먹고싶은 메뉴들 다 드시는게 너무 부러워요 ㅠㅠ 맛스러운 영상 잘 보고 갑니다,0
오유정,웅이님 안녕하세요 웅이엄마입니다!^^ & 와 메뉴 인정!그거 김밥은 옛날에 목욕탕 김밥냄새가 짱였는데요 근데 냄새만 맡아보구 먹어보질 못해서 웅이님 교회에서는  칼국수 나왔어요? 제 성당에서는 행사있거나하면 잔치국수 나왔는데요 거의 매주 결혼식도 있었어서 자주 잔치국수 떡 과일 음료 다과등 먹었었는데요 아동부 활동하면서요 ㅎ 막 간부도 하고 그랬어요 ㅎ 성당 잔치국수는 이상하게 맛났드랬어요 와 사장님 쎈수가️ 아드님 저번 영상에서 살 너무 많이 빠져서 맴 아퐀는데 회복되셨네요? 머리도 볼륨너코 ㅋㅋㅋㅋ 앗  성당 세례명도 있어요 세례명 글라라 이쁘고 빛나죠?️,0
심 도니,와 아직100만명요 ㅠ 대단,0
orchidmsc,Is Woongei becoming more stylish with his clothes lately?,0
백경희,저두 김밥집에 와서 고구마 치즈돈까스랑 돈까스 오무라이스 먹고 있어요~,0
아스티넬,오랜만에 김밥천국 가셨군요 ㅎㅎ 돈가스랑 오므라이스 맛있죠 와 유부초밥 김밥천국에 파는거 처음 알았어요 ,0
노영주,어느 순간부터 인상이 변해서 다이어트를 너무 심하게해서 그런줄 알았더니..아니었네요ㅠㅠ,0
베리강사VERRY,내가 웅이님 할머니였으면 세 배로 마이 묵으라~ 했을듯 ;) 요즘 넘 샤프해 ,0
v집파는장윤정,어릴적에 김밥천국에서 메뉴판에 있는 먹고 싶은거 몽땅 다 시켜서 먹어보고 싶다는 생각만 했는데...️웅이님 보고 대리만족!! 우왕~구준표같앙,0
miri kim,요즘 피곤해보여요~~~항상 팟팅하세요 웅이님!,0
윤현정,대단하세요~ 운동 열심히 건강 잘.챙겨가며 오래오래 보여주세용,0
Tiffie Dee," I’ve been craving korean food sooooooo bad, but I’ve been sick eating through you ",0
Laurie Dunn,Looked oh so delicious and I would love to eat that food. ,0
박은재,편식안하는 웅이님이라 좋아요~,0
김은영,"편식없이 골고루 맛있게 드시는 웅이님.
편식하는 아이들이 배웠으면 좋겠네요.",0
박영선,김밥 천국은 말그대로 입니다 너무도 맛있는게 많아 고를수가 없지요 밥을 먹었는데도 김밥이 또먹고 싶네요 너무도 야무지게 맛있게 드시네요,0
혜지니,너무맛나게드십니다 대박입니다,0
이사나,웅이구독자 얼마빠졌는지 알수있는 영상,0
km j,오늘도 맛있게 잘 보았습니다,0
아이,웅 이 더 흥 하자,0
뚜블리,김밥천국 가서 식사하고 새로운 콜라님들 생겼다 사장님 최고 김밥천국에 유부초밥 파는 건 처음보는데 달달한 유부초밥 먹고싶네요,0
전영윤,웅이님 착하다 착해 짱!,0
영이,이 오빠는 가면 갈수록 잘생겨져 어째.......,0
임성민입니다,아이 잘생겼다 우리 웅이띠,0
정유진,오늘도 맛있게 보고갑니다^^,0
장현민,많이먹어야 파워풀해지지,0
BANGTAN GLOBAL 아미💜,"I've listened about ""Kimbap Heaven Woongie, I really love the way you converse with us and the owners is just so beautiful. Woongie have someone told you that You look like one of my favorite Actors ""PARK SEOJUN"".",0
연쮸,예전영상이랑 같이 잘 보고 있는데 요즘 텐션이 예전보다 떨어지신것 같아서 걱정돼요~~,0
정미영,"웅이님
빠마 하셨쪄용?
ㅎㅎ
이뽕이뽕
요즘 미모가  흘러넘쳐용

꽃보다 웅이",0
조ᄂᄋ,지금까지 나오신 어르신분들은 몰랐음좋겠네ㅠㅠ,0
정애자,웅이 홧팅,0
강가연,웅이님진짜맛있게드시네요,0
얼굴 강동원,형님 항상 즐겁게 봤는데 ...,0
랄선생,신기하다 이런사람 처음보네?!,0
헬렌켈러,유부초밥 파는 김천은 처음보네,0
전유진,볼수록 매력있는 웅이~~^^ 힐링하고 갑니당,0
삼성전자김대성상무,이야 진짜 시원하게 잘 묵는다.,0
바나나우유,우왕 오랜만에 김밥천국이라니!! 머리스탈두 잘 어울리네용,0
anna,"축하드려요 ㅎㅎ
구독자 늘어나서 저도 기분이 좋네요^^",0
오은지,웅이님 오래간만에 김밥천국에 갔다오셨군요. 저도 나중에 한번 가봐야겠어요. 귀여움이 매력적인 웅이님 오늘도 영상 잘 봤습니다. 수고하셨습니다.^______^,0
Meshelren Solis,You and Tzuyang I love your videos.,0
윤지연,웅이님 덕분에 오늘 저녁은  분식으로 정했어요~~,0
김지혜,왜캐 웅이님 볼때마다 좋은지 잘생겼어요 ,0
Kyu,"김밥천국은 맛이 없을 수 없죠. 웅이님 많은 음식도 깔끔하게 드셔서 너무 캡이에요.
",0
monstrum,이렇게 많이 먹는데 왜 살이 안찌고 점점 더 잘생겨지는 거임 ,0
JUST KPOP,I wonder if woongei can sing.  His face has got boy band written all over it.,0
꿀땅콩마눌,웅이님 무슨일 없으신거죵...? 뭔가 평소랑 분위기가 달라요~ㅠㅠ 항상 좋은일만 가득하시길,0
Soraya Gottschling,Woongei I watched you on popular TV show named tvN with popular people and to see you're same with them eating and when you're alone eating. That why I like you as a person as well as a YouTuber mukbangers...️️️,0
슈이늬,천국중에 젤이여ㅎㅎ,0
귀례 오,참 맛있게 복스럽게 잘 드신 웅이님! 대단해요. 좋은밤 되시고 힘내세요. 화이팅!!!,0
방토,할머니 나오는 영상 보러가야징,0
Min C,웅이님의 따뜻한 마음이 김밥천국 사장님에게도 전해졌네요…ㅎㅎ,0
마침표,뭐야 이오빠 갈수록 리즈 갱신하네.. 점점 잘생겨져,0
베이비 루스,"""진짜 이런사람 처음 봐!""",0
포항평생학습원 유튜브반 수강생,먹방은 웅이 영상만 봄. 먹방인데 이상하게 훈훈하고 정이 감,0
민카tv,웅이형...복귀하려나 아휴ㅜㅜ,0
YUKSUK,"저 오늘 가리비찜 5키로에 소맥8잔, 김밥 한줄 먹어서 하나도 안 부럽습니다 ㅎㅎ",0
권민혁,멘탈 뭐냐 대단하네,0
Ughuhhu,"힘내세요












































여기가 칭찬하면 하트 주는 곳 인가요",0
리디아,웅이님의 외모가 뭔일~ 더 잘생겨지신 것 같아요^^,0
Dorthe-Marie Hansen,,0
공복에한잔!,너무착하다 인성최고네여~^^복들어가게 먹네여,0
이혜란,오늘도 이쁘게 먹고 겸손하게  말하고,0
이투망,나도 이런사람 처음봐!!,0
임귀선,볼수록 순수한 청년일세,0
길가다 주슨눔,사장님 웅이 유명인입니다,0
게임요정,사랑하는자여 네 영혼이 잘됨같이  네가 범사에 잘되고 강건 하기를 내가 간구하노라 (요한3서2절)......,0
wise08251,어느 지점인가용? 먹고 싶다 ,0
스톰트루퍼,그기 돈이 됩니까? 몇개고 오므라이스 밥알이 몇개고 ㅋㅋㅋㅋㅋㅋㅋㅋㅋ,0
무야호,무슨 사정인지 모르겠지만 결과가 아직 안나온 만큼 현명하게 대처하세요  화이팅,0
져퓨,"힘내라.     난 솔직히 잘못은  서로  반반이라고 본다. 기레기들  기사도   여자쪽 중심으로  났고,  그상황에서  사회적으로 유리한건  여자인건 모두 암묵적으로  알고 있으니  욕 같은건 안하고 싶다.   힘내라",0
털바퀴,웅이님 악플러들한테 상처받지 마시고 재밌는 영상 많이 올려주세요~ 끝까지 응원하겠습니다! ㅠㅠ,0
Deari Nada Chanel,Cute woongie,0
럭셔리가이,오늘따라 더 잘생겨 보이네여~ㅎㅎ,0
호프네 주인장,와우 ㅋㅋ ㅋ 웅이 교회오빠시군요~ 덕분에 매일 메뉴결정 당해요,0
신영숙,웅이님 맛있어 보여요 머고싶다 ~~~홧팅,0
현도리,웅이 반깐 설레요,0
Harsha 2003,Try Indian food please,0
장은영,웅이님 영상 올라왔다~♡♡♡,0
이밤의끝을잡고,"제목에서 말해주네요 ㅋㅋ
신기하다 이런사람 처음봐 ",0
카카양,전엔 귀여운 막내남동생 느낌났는데 요즘은 남정내의 향기가 그껴지는 느낌아니까ㅋ 헤어스타일의 변화가 참 크긴크네요 영상 잘보고 있어요,0
힘ᄏᄏ,코가 아주 벌렁벌렁 걸리네요 ㅎㅎ너무 웃기다,0
휴가가고싶어.,최신영상에선 베댓 힘들 거 같으니 여기라도 노리러 온 거면 개추,0
CJK,,0
안채령,귀요미ㅜㅜ,0
Silvi,왜 피곤하고 안 행복해 보일까요..... 힘드신가봐요.. ㅜㅜ,0
김근아,쯔양도 김밥나라갔는데 ㅋㅋ,0
min kim,외모 갈수록 리즈갱신 도데체 얼굴에 손댄건 없는데 갈수록 잘생기는건 무슨일?,0
비타,마지막 오므라이스 찢었다~,0
이윤,전주 비빔밥 맛있어요~ 비빔밥하면 전주죠,0
쟤시켜 알바,소년등과는 한사람의 인생에 큰 불행을 가져온다 라는 말이 실감나네요. 안타깝네요.,0
재이,전 웅이님 기사보기도 전이고 팬도 안티도 아닙니다. 근데 최근에 좀 초심 잃은듯한 느낌이 드네요.. 6:00 이부분만 봐도 사장님이나 직원분이 얘기해도 좀퉁명스럽달까.. 예전엔 안그랬던거 같은데.. 관상도 좀바뀌고.. 저 장면만으로 판단할순 없지만 암튼 그렇다구요,0
sangmin oh,7만이 빠졌네…..ㅎㅎㅎ,0
Ruby,성지순례 왔어요 ,0
박현우,구독자 쭉쭉 빠지네요,0
북치기박치기,웅이 웅이 웅이 웅이 웅이 뉴스나왔다 웅아,0
김쓍,댓글과 영상  안 닫는 클라스 악플도 돈이다,0
대포동미사일,웅이님이 입은 셔츠 정보 아시는분???,0
채앤준,"옛날처럼 많이 웃지 않아 조금 걱정되어요. 말만하면 웃던 웅이님이었는데...
너무 피곤하신것 같아요.ㅠㅠ",0
mk L,수익이 생겨요ㅋㅋㅋㅋㅋ ,0
최우철,어쩐지 요즘 우리 희밥이 멀리 하더라 애를,0
Sally cho,더 멋있어진거같은느낌,0
밥줘용,진짜 좋아했는데.. 이게 무슨 일이람,0
ginger,웅이.카메라 바꿧나요 화질이 더 좋아졌네요,0
구하린,와우!@@,0
이Woo,진짜....너어는..........,0
Nupur Goyal,Watching your while eating 🫠🫲,0
Catatan Bunda Lia,I like your good looking with that hair style ,0
pureness,진짜 실망스럽네요 ㅜㅜ  착한이미지   어쩔,0
지박 함,멋진웅이님~,0
아이언맨,으음 퍽퍽 한 등심이 먹고싶구먼,0
MiN MiN,아침에 와보고 방금 왔는데 만병밖에 안빠졌네,0
서희성,멋있다 이새꺄,2
藍,"해명영상 안올리나용??
무단침입 폭행남 타이틀은 벗으셔야죵 ㅎ",2
Wh,웅이망했네..,2
강초록초록,"으이구!!
이눔아",2
Ori 5,운지했어?왜케 조용해??,2
백두산호랑이:🐯(독도대마도우리대한민국땅):,웅이 요놈,2
hhh,강도,2
랄라,나ㅡㅡㅡㅡㅡㅡㅡ락,2
건투빈,"경찰조사 다 받고 재판가야지
여자말만 듣고 판단하며 안됌
이재명대표 339회압색의 검찰과 언론플레이를 보듯 경찰도 피해자말만 믿으면 안됌",2
겨울아이,대박이다.다정한부부도 이렇게 까지 구독자 안빠졌는데..폭행보다는 사기가 더 관대한 대한민국!웅아~집 내놓고 다시 할머니 집에가서 자숙해라~,2
푸파,빵에서 뿔면먹방 가즈아!!!!!!!!,2
상현,콩밥천국 폼 미쳤네,2
Rin Chae,ㄷㄷ 무서웡,2
조자두,콜라님들은 시벌 ㅋㅋㅋㅋㅋㅋㅋㅋㅋㅋㅋㅋㅋㅋㅋ,2
Hee Gun,"지금까지 웅이먹방을 시청해주셔서 감사합니다.
다음부터 콩밥먹방으로 돌아오겠습니다~^^",2
medusa,"뭐하는 인간이냐 진짜.. 
구독자 1,2만도 안 됐을 때쯤부터 간간히 봐오다가 노포집 돌아다니면서 선한 영향력 보여주고 따뜻함에 진짜 감동했는데 어이가 없어서 웃음도 안 나옴ㅋㅋㅋㅋ",2
So So,"솔직히 뉴스 보기 전 까지 이런 100만 유튜버 있는 줄 도 몰랐음...

먹는 것 도 잘먹고 때리는 것 도 잘하는",2
키키,"외국분들이 모르실것 같아 웅이의 구독자수를 더 줄이고자 번역을 합니다 ^_^

웅이는 여자친구를 폭행하고 커튼 뒤에 숨는 숨바꼭질을 참 좋아하는 친구입니다.

Woong is a friend who likes to play hide-and-seek by assaulting his girlfriend and hiding behind the curtain.

ウンは自分の彼女を暴行してカーテンの後ろに隠れる鬼ごっこが好きな友達です。

Woong merupakan teman yang sangat menyukai petak umpet yang menyerang pacarnya dan bersembunyi di balik tirai.",2
뭉이의하루,"저정도 철판이면 진짜 박수 쳐줘야 될듯
우린 박수치고 웅이는 사람치고 ",2
김예찬,"진짜 웅이는 잘생기고
 먹는것도 잘먹고
여친도잘패고 
 커튼뒤에도 잘 숨는듯",2
프로펌,"세상 모든걸 먹어보기위해
감빵콩밥먹방 해줄려는 의지 대단합니다",2
뭐지아이고,먹방도 잘하고 사람도 잘치고... 못하는게 뭐야...,2
이우빈,그동안 웅이먹방을 사랑해주셔서 감사합니다 다음번엔 판사님 앞에서콩밥먹방으로 돌아올게습니다!,2
김충연,간단하게 먹고 힘내서 존나게 쥐어팼구나..대단한 녀석.,2
K잼,와 진짜 멋진남자 먹는것도 잘하고 다른것도 잘하는 파이터,2
히또,어른들은 공경할줄알고 여자친구는 공격할줄아는 웅이...ㅋㅋㅋㅋ,2
구구궁,사람 그냥 패는 것도 아니고 열쇠공 불러서 패는 웅이는 진짜 악마 중에 악마다 ㅋㅋ,2
곱등이,못하는게 뭐에요 얼굴도 잘생기고 먹방도 잘하고 사람도 잘 때리고 와 완벽남이야,2
𝐌.𝐜𝐡,와.. 철구 푸파시절부터 봤었고 지금까지 유일하게 꾸준히 챙겨보던 먹방 유튜버였는데.. 사람들이 너만은 사고 터지지마라 뒷광고같은거하지마라 했던것도 기억나는데... 걍 할말이없다..,2
김효임,겉과 속이 다른 웅이 낭떨이지로 쮹~~욱,2
나원,"와.. 진짜 먹방 유튜버 중에 웅이님은 항상 믿고 챙겨봤는데 한 순간에 깨지네요,,
교도소 생활 잘 하시고 출소 하고 나서
당당하게 유튜브에 얼굴 비출 생각 하지 마시고 다른 먹방 유튜버 보면서 항상 후회만 가득한 삶이길 바랄게요",2
김서준,웅이님 인제 콩밥 먹방을 5년연속으로 하셔야 겠어요! 화이팅,2
인생,열쇠공 불러서 문따고 팬거는 진짜 레전드네 교과서에 실어도 무방하다 ㄹㅇ,2
taebin kim,웅이님!! 다른 유튜버 분들 컨텐츠 만들어드리고 스윗하게 여친집도 찾아가서 문도 직접열고 멋진것같아요!,2
파란,"여러분, 여기에서 조회수 빨아주지 말구, 댓글달고 싶으면 커뮤니티에 있는 댓글에 답시다. 저도 조회수 1 빨아줬지만, 웅이 이녀석 마지막이다 생각하고 끝까지  조회수 빨아먹고 전사하려고 영상 비공개 처리도 안하네요. 보통 물의를 일으키거나 하면 계삭은 아니여도 영상은 비공개하고 자숙이라도 할텐데, 이녀석은 마지막까지 돈챙겨서 유튭떠나 장사나 할 모양세입니다. 이거보면, 이제 영상클릭 말고, 커뮤댓글로 갑시다 많은사람들이 볼 수 있도록 댓글 업해주세요",2
나경재,교도관:'일어나세요 콩밥 10공기 드셔야죠' 나 왜 눈 떠보니 콩밥 10공기 앞이야...? 여친 줘팬 지 10년째까지 갑자기 깜방 생활...,2
방한,웅이는 다 잘 치네 면 치기도 잘하고 다른 것도 잘치고,2
고래닌,웅이씨가 이럴줄 몰랐네 사람도 잘때리고,2
수미네,먹방도 잘하고 문도 잘따고 세상에나 너무 숭해요 ..,2
YD,"여윽시 대단하십니다..!
아가리 파이터님~^-^",2
mmi kko,진짜 관상은 과학이다라는 말 못 믿겠다..엄청 순하고 착하게 봤는데...,2
청오,그래서 콩밥 먹방은 언제 하시나요?? 웅이님  팬이에요 웅이님의 콩밥 먹방만 하염없이 기다리고있어요,2
짱꼬미,면치기도 잘하시고 사람치기도 잘하시네요,2
김태민,"우리는 애들이랑 숨고 노는데
웅이는 경찰관이랑 커튼뒤에 숨어서 노네 ㅋㅋㅋ",2
RIck Moon,"콜라님들!! 안녕하세요! 오늘은 제가 눈뜨자마자 콩밥먹방을 시작해볼건데요~ 
하루빨리 시간이 흘러서 두부먹방을 하고 싶네요!! 아~ 아침부터 콩밥먹으려니깐 너무 설레는 하루네요^^",2
름콩,다음 방송으로 콩밥 찍어주세요 ㅋㅋㅋㅋㅋ 스스로 신상공개 하는 모습 좋습니다,2
김미정,"웅이는 잘먹고
면치기도 잘하고
사람치기도 잘하네",2
헤어디자이너 스텝,"그는 중국인이야
He is Chinese
他是中國人
彼は中国人だよ
C'est un Chinois.",2
Oopsy 1,아프리카때부터 눈빛이랑 말할때 표정이 쎄하긴 했는데 역시네 ㄷㄷ,2
정혁민,이야 122만에서 4일만에 107만 축하 ,2
아,ㄷㄷ 무단침입 폭행 콩밥 먹방남 웅이 폼 미쳤다.,2
김행복,구독자 안줄어드는게 신기함,2
문정현,웅이님 많이 먹을 때 부터 알아봤어요^^ 걱정 마세요 저도 교도소 문 따고 사식 뺐어 먹으러 갈게요 화이팅 ~,2
Yommy,"다음 영상제목:

[ENG] "" 한국 최초로 교도관이 놀란 깜빵 콩밥 20그릇!! "" 나 왜 눈 떠보니 10년형 교도소야...? 콩나물 10개까지.. 갑자기 아침 운동... ",2
지미짐,"지금까지 사랑해주셔서 감사합니다^^
시즌2 구치소먹방 기대하세요~
영치금 후원기대할게요~",2
Knight Rider,유튜버 웅이는 더 이상 없습니다. 감방에서 뵙겠습니다.,2
cute,다음에 콩밥먹방해주세요,2
보드타는고니,콩밥먹방 영상 언제나오나요 현기증날것같아요 빨리올려주세요,2
CloudFlowerSaint3782,방송 계속 하실수있을거에요. CCTV 카메라로 콩밥먹방 좋당,2
이제나,우와 이 사람이구나~~틱톡에서 많이 보고있어요 웅이씨 뭐 콩밥은 맛있게 드시고 있나요? 아아 콩밥먹기에는 콩밥이 아깝당 ㅋㅋㅋㅋ,2
다윤지,"웅이님 이번영상도 너무 암살적이네요
그 다음번에는 커튼 뒤에서 먹방 가서야죠
그냥 찍으면 심심하니까 경찰관님 뒤에서도 갑시다",2
ㅇㅇㅇ,' (고생하시는) 교도관 님 : 일어나세요 콩밥 10그릇 드셔야죠 ',2
와 ..!,구치소 먹방 기대하께요 웅이님 !!️,2
진성 이,웅이처럼 여자 패는 나쁜 놈은 되지 맙시다,2
샌즈,음식 먹는것도 잘드시고 여자 때리시는것도 잘하시는 웅이님,2
유튜브프리미엄,이제 아무나 할 수 없는 콩밥 먹방 가자!!,2
유튭뿌,합의금 물어주기위해 열심히 돈버는 웅이씌…,2
기헌 권,먹는것도잘하고 때리는것도잘하고 못하는게뭐지??,2
김마이노,그 콩밥먹을땐 꼭검은콩으로 밥지어서 먹방해주세요^^,2
송민경,"오늘 영상 재미있게봤어요
다음 영상은 커튼에서 경찰 몰래 콩밥 먹방 기대할게요",2
황사장,철구방송때 보고 한때 팬이었습니다. 맛있는 콩밥 먹방 부탁드립니다.~^^,2
뉴둥이,다음 먹방은 콩밥 먹방 해주세요~,2
최옥숙,"웅이님, 이건 그어떤 핑계로도
넘어갈 수 없어요.
세상에 열쇠공을 불러서
강제 진입에,
전 여자친구분을 폭행(혈흔 포함),
경찰 출두시에는 
커튼 속 매복..
수년간 댓글이라는 걸 처음 써봅니다.
사람의 양면성이라는 걸 보여주시는
웅이님..
실로 제정신이 아니군요.
웅이님으로 인해 
유튜브로 좋은 일을 하시는
이미지로 굳혀있는(예를 들어)
야식이, 광마니, 쯔양 등등 여러사람들이
받을 피해를 생각해보셔요.
웅이님처럼 그분들 외에 타 유튜버분들도 
지금 타격이 클 것 입니다.

평소 '할머니 할머니' 하시던데
어줍잖게 그런 감성팔이 하지 마세요.

'국민손자' 라는 이미지를 얻기 까지
얼마나 많은 노고가 있으셨겠습니까..
하지만 웅이님으로 인한 
충격과 배신으로.. 
유튜버들을 포함해(타유튜버들 포함)
구독자분들께서는

대부분
어느 정도 부정적인 인식이라는 게
심어질 것 같네요.",2
인간,0:39웅이는 매운거는못 먹어도 때리는건잘함,2
도망가자어디로,웅이의 커튼단속 완벽할줄알았는데ㅠ 경찰분들이 까꿍해버렸지뭐야,2
레온,와 여자친구집에 무단으로 칩압 하고도 태평하게 밥을 먹다니........ 선을 넘어도 너무 넘네요 그러고 여자친구한테 사과 하도 모자를 판이 이러고 있다니..,2
수달🦦,이분 구치소 들어가셨나요?? ㅋㅋㅋㅋ 멋지다 웅아~~ 화이팅 브라보~~웅아 호우우 콩밥 먹방 가보자!,2
안싸리오,세계 최초 구치소 먹방 콘텐츠가 나올 것인가...ㄷㄷ,2
이름까먹음,그럼 다음 먹방은 교도소에서 하는걸로 알고 있겠습니다:> 기대할게요:),2
앙기모티,이쯤되면 구속돼서 해명 영상도 못 올린다는 게 킹리적 갓심.,2
vousmevoyez,당당하게 먹는 폭행남의 모습이 보기 좋습니다 ,2
YThousehe,웅이님 다음 먹방은 콩밥인가요?,2
저문다,먹방도 잘하고 죽빵도잘하고,2
허일강,웅이 불그리먹방(마지막 먹방) (웅이님) 다음에는 콩밥먹방으로 뵈요,2
축구LOVE,다음은 콩밥먹방 드가즈아~~,2
머선129,다음 방송 컨텐츠는 수갑차고 라면+계란해서 드시죠,2
루나서버에밀리아,"지금까지 대중적인 먹방을 시청해주셔서 감사합니다. 
다음에는 감옥에서 야무지게 먹방과 브이로그를 진행하도록 하겠습니다.",2
Rylynn,대단하십니다 다음엔 철판볶음밥이나 콩넣은 밥 괜찮을까요?,2
귀여운 001,"뭘 자기가 명백해;;
소상공인 돕는다,기부한다
착한척 다하더니
여자친구 집 열쇠공불러서 따고,폭행에 협박도한 집착남 범죄자 
이병웅씨 그냥 조용히 사세요 제발
학폭도 했다매;;",2
강하랑,[ENG]교도관:일어나세요 콩밥 드셔야죠' 나 왜 눈 떠보니 교도소야?,2
수수,"웅이님 뉴스 나오셔서 축하해요~
웅이님 정말 대단하세요!  전여친 까지
패다니 감빵 에서는 웅이님을 팰꺼같네요",2
Lamya Alhajri_10,Thank God they put him in jail he deserves it,2
천뚜웅,교도소 먹방방송으로 떡상 가즈아,2
응아니야,콩밥먹방은 언제하시나요??,2
보거스,본인이 야무지게 콩밥 먹방할 웅이면 개추 ㅋㅋㅋㅋ,2
아기다람쥐,"역시 무단침입 ,사기,폭행  하고 먹는 불그리가 쵝~오 ",2
Violet Crown,자고 일어났다니 감옥이었던 건에서ㅋㅋㅋㅋㅋㅋ,2
인간커피머신,다음 영상..콩밥 먹방으로 찿아뵙겠습니다!,2
제주짱구,지금 이먹방은 범죄를 하기전에(교도소 가기전에)먹는 후회없이 먹는 마지막 식사임,2
y ys,잘하는게 ㅊ먹는것만있는줄알았는데 폭행도 잘하고 커튼뒤로 숨는 민접함까지..인정한다,2
FAST KOREAN,"거짓말 없이, 퇴근하면 꼭 1일 1시청을 했었어요.

처음 주변에서 웅이님에 대한 폭행? 이라는 썰이 돌길래 거짓말~ 하면서 봤는데 진실인걸보고..
너무나도 속상합니다.  웅이님을 너무많이 좋아했던 팬으로써..아직 확실치 않기에 어떤일로 인해 그러신지 모르겠지만..
뭐든 많이 아쉬우며 속상한 하루네요.",2
식은이,"""112에 다시 전화해 출동하지 않아도 된다고 말해라"", ""피 묻은 옷 갈아입고 세수하고 문 열어라"" << 이런 범죄를 저질러놓고 뻔뻔하게 영상 올린 거 너무 역겹고 소름 돋네요..",2
ᄒᄌ,파이팅 해야지 먹으면서 기운도 차리고 사람도 때리고~,2
컁컁컁,콩밥 먹방 부탁드려요,2
김모씨,"대단하다 120만 유튜버라고 뉴스나오던데 그짓을 저질러서 한 절반은 빠졌겠지 했는데 아니구나..
콩법먹방 기대한다.",2
파치곤,다음은 교도소 먹방인가요? 너무너무 기대되요!^^,2
잼민안전부 안티팬,웅이 폭력 폼 걍 미쳤다,2
한입,은신에 이어 협박까지 기대를 져버리지않네,2
bad,어디까지 먹방하는거야...  콩밥먹방이라니 Respect......,2
먀먀,"우리엄마가 웅이님 싹싹하다고 밥도 복스럽게 먹는다고 좋아 하셨는데... 나도 그렇고
실망.....
폭력은 절대 용서 할 수 없다
돌아오지 마시고요
피해자에게 진심으로 사과하시고
죗값 치르세요
아무쪼록 잘 지내지 마시고
그동안 영상 잘 봤습니다.",2
모범 시민,"어떻게 이렇게 잔인할수가. ,... 검찰출두 하셔야죠!",2
F스팟,잘먹고 잘때리는유튜버,2
Sparkling Segram,사람 줘팼다면서요ㅋㅋㅋㅋㅋ그런데 아가리에 음식이 꾸역꾸역 들어가세요?ㅋㅋㅋㅋㅋ,2
웰시코깅,진짜 순하게 생기고 사람 때리는건 전혀 못할거 같이생긴사람이 알고보니 뒤에서 그랬다니 ..,2
성중,다음먹방은 깜빵 밥 먹방인가요???,2
ㄱㅡㄱ,잘먹고 잘 때리시구나 ㅋㅋ 대단하네요 웅이님?ㅋㅋㅋㅋ,2
황세윤,이참에 콩밥 먹방 해주세요!!,2
호두,"형 그러게 왜 사람을 팼어
이왕 인생 조진 김에 밴쯔처럼 사과방송 찍어보자 조회수 달달하게 나올 듯
다음에는 교도소 콩밥 먹방으로 돌아오자! 응원해!!",2
김정민,이런게 순하게  생긴 사람이 주거칩입에 폭행이라니 ㄷㄷ,2
쟈스민,웅이야 일어나 경찰서 가서 조사받아야지,2
가우,감빵에서도 맛있게 드세요^^ 팬 없는 팬미팅 현장을 기대합니다,2
까앙,"착한 웅인줄 알았는데 사람을 폭행하다니,, 그렇게안봤는데",2
우웩,응 범죄자 박제~ 김풍님이랑 촬영할때부터 못배운 애인거 눈치 깠어야했는데 ㅠㅠㅠ 인성도 지능인데 못배웠으면 사람패지말고 사회에서 격리시켜야합니당~ 범죄자는 인간이 아니에욥 ㅠㅠ,2
88 Foy,콩밥먹방 레전드 '여러분 오늘은 강정콩밥 10그릇 도전합니다',2
여름이,"한번 폭행은 
두번다신 고칠수가 없어요....",2
불구리,일어나세요 법원 출두 하셔야죠 ~,2
Tony Park,커튼 뒤에 숨어있다가 현행범 체포된 게 개웃김ㅋㅋㅋㅋㅋㅋ,2
user_fucking,다음 먹방은 콩밥인가요?,2
Sunghyun Lee,"범죄는 저질렀지만 돈은 벌고싶기에ㅋㅋ 
지금도 영상 조회수 보며 군침싹",2
하진 박,"만약 이 사실아 맞다면
영상이 안올라오는 이유가 깜빵...?",2
한지혁,죄책감 없냐 머라고 해명 영상좀 올려   지금까지 웅이 먹방을 시청해주셔셔 감사 합니다 다음부터 교도소 먹방 가겟습니다,2
핸양,검찰: 자 이제 연기 다했으니까 다음영상은 콩밥먹방 찍으러 갑시다 그떄도 연기하세요~?,2
Marry Suzu Para,너무 유명한 유튜버라 당황하기고했고 존경하고 믿었던 유튜버가 폭행이러니.,2
몽키스패너,"웅이님  혹시 지금 구치소 인가요? 
아무 소식이 없어서  빨리 교도소 들어가면 좋겠어용 

혹시 집에 아무도 없으면 저도 웅이님 집 열쇠공 불러서 집문 따서 들어가도  무죄인가요?",2
집요정,그 분이 당신을 사랑하지않아서 그랬어요? 사랑을 많이 받으시다보니 정신이 나가신거 같아요!! 라면먹는모습 너무 멋지고 범죄자같아요!!!!,2
ㅇㅅㅇ,00:44 너의 실체도!!! 너의 쓰레기같은 모습도!! 같이 “개봉박두! 파바바방!”  교도소 들어갈 때도 교도소 문 열면서 “교도소 개봉박두! 파바바방!” 해줘용~~ 패뱨뱨뱽~!~!!! ㅇㅈㄹ ㄹㅇ,2
리유,할머니 방문 따고 들어가서 패는거 아니지?,2
your,"인성 좋은 이미지 만들어놓고 뒤에서는 여자 피 철철날 때까지 개패듯 패버리는 새끼네 ㅋㅋㅋ 12월에 구속되고도 꾸준하게 활동, 수익창출. 대단하다!",2
이냐?,다음제목 교도소영양사분들칼퇴시켜드렷습니다!,2
ㅎㅇ,와근데 ㅋㅋㅋㅋㅋ깜방가면 얘진짜 영양실조 걸리는거아니냐,2
느낌표,오늘 영상 정말 재밌게 봣어요~ 다음엔 콩밥 먹방 해주실 수 있으실까욥.??,2
빅보스,콩밥도 잘 ㅊ먹게생겼네,2
김상균,"피터질때까지 후두려패고 커튼뒤에 숨고 무단으로 남의집 문따고 들어가고 그래놓고

시청자 법적 책임 드립은 역대급 역겨웠음. ㄹㅇ 거기서 찐인성 다 나왔다고 봄",2
식빵 먹는 곰돌,"저렇게 많이 먹어서 어디다 쓰는지 궁금했는데 , 이제 알겠다. 전 여친한테 떄릴려고 그 만큼 많이 먹었구나",2
이주현,아 오늘 충격의 하루네요 내가 좋아하는 한분은 하늘의 별이되시고 다른 한분은 범죄자라니.. 믿기지가 않습니다..,2
스진,일어나세요 검찰 가셔야쥬우 ㅎ,2
s,깜빵먹방 기대합니다.~,2
첸첸,다음영상 : 감빵에서 콩밥 먹방~,2
하하힛,일어나세요 검찰출두하셔야죠,2
Apostle Paul,여러분 댓글 달러 오신거 아는데 동영상은 꼭! 정지해놓고 댓글 구경 하세요~~ 무단침입범에게 1원이라도 수익 가게 하지 맙시다!!,2
안달빛 소나타,사람 패는 사람은  사람 아니다,2
DOHA AMMY DRISS,Please next time  we want jail food,2
피그먼트,ㅎㅎㅎ 콩밥 ㅋㅋㅋㅋㅋ,2
DsR 베릴,다음 먹방은 콩밥,2
게임을좋아해,유튜브 최초 감옥 전메뉴 먹방,2
Lovely Koo,그냥 깜빵 먹방 영상 하면 될듯 연기자 하면 대상이네,2
고광민,웅이야콩밥먹자,2
우와,역시 관상은 과학ㄷㄷ,2
네임,와 꾸준히 올리는거봐 ㅋㅋ 담 먹방은 교도소에서 하면 좋겠다,2
은영 이,아직도 구독자 105만 아고야 정신들 차리자요!!!! 정말 1원도 아까운 범죄자,2
냠냠,기사 보니까 범행 시기가 2월인데 그 후로 너무 멀쩡하게 영상 업뎃해온게 진짜ㅋㅋㅋㅋㅋ,2
마정길,"매니저:일어나세요~~콩밥10그릇드셔야죠!!!
교도관:일어나야지 우리웅이 할머니랑면회10분지났어요~",2
슬라임맛 푸딩,감빵 음식 먹방 드가자,2
유쁘,군대를 가든 감방을 가든 개 찌질이라고 왕따 ㅈㄴ 당하다 나올 듯 ㅋㅋㅋㅋㅋ 과연 니가 남자들도 팰 수 있을까?ㅋㅋㅋㅋㅋㅋㅋㅋㅋㅋ,2
jh B,이제야 정신 차렸네 웅이 감옥가!,2
김133333,웅이 요 앙큼한놈 12월에 검찰 송치된사건인데도 입 꾹 다물고 실실 쪼개면서 영상업로드하고 뉴스터지기전까지 바짝 돈 땡길라고 한거야??? 귀욤둥이네,2
오철환,유튜브에서 범죄자는 수익 못받게 처리된다고 하던데.. 꼭 그렇게 됐으면.,2
쥬,작년 12월에 그 지랄하고 저번 달에 검찰 송치 됐다는데 무려 어제까지 아무렇지 않게 영상 올린거 ㄹㅇ 쌉소름 돋네 ;;;,2
freedom,웅이님 일어나세요. 검찰 출두 해야죠.,2
김슬기,빵 들어가서 빵식 먹방 해주세요!!,2
유상우,넌쟞됰따,2
푸른한화 삼성,여자패는 웅이야~ 일어나 감방가야지ㅋㅋㅋㅋ,2
찬혁_gg,콩밥먹방 드가자,2
chuing,쭉나오지마ㅡㅡ 현행범이면 빼박인데 무슨 핑계를 대고있니ㅡㅡ 재수없어,2
d e,맛있게 드시네요~ 콩밥도 맛있게 먹어주세요 ㅋㅋㅋ엌ㅋㅋㅋ,2
밥만나를믿어봐,저 당해본적잇는데 열쇠수리공은 돈안줘도 일단 대부분 문따주는편이며 폭행 주거침입죄 성립되어도 벌금형밖에안내려지더라구여.... 전남친이랑 넘똑같아서 소름,2
아구몬,폭행남 웅이ㅋㅋ,2
깡패수사전문가,성범죄도 씹가능한 멘탈,2
쪼푸코코,와 ㅁㅊ 진짜 미쳤구나,2
오로라,진짜 아직도 안 믿겨져요,2
Blahblahblah Kk,"근데 피해자 진짜 ㅈㄴ 무서웟겟다 집문을 따고 들어와서 피가날정도로 폭행....ㅠㅠ
사회에선 두번다시 안마주쳤으면....",2
이주헌,이거먹고 하루시작하고 무단침입하자,2
이름없음,와.. 저렇게 그냥 편히 먹방하다니.. ㅈㄴ 소름이다..ㄷㄷ 그냥 콩밥 먹방이나 해라 ㅋㅋㅋㅋㅋㅋ 인생 망했으면 좋겠다ㅡㅋㅋ,2
예주,평소 순수한 척 하는 거 진짜 역겹다 …,2
Minkwon Jo,아무렇지 않은척 하면서 먹방 올린거 생각하닌까 진짜 레전드다 ㅋㅋㅋㅋㅋㅋ(여친을 폭력하고 이영상을 찍었다는게 아니라 아무렇지 않게 올렸다는거입니다,2
JUNE 6,이정도 낯짝이 두꺼워야 유튜버하는구나   현행범 체포라든데,2
버블마법사,"웅이 실망이다
폭력은 안돼요",2
하이엘프퀸,교도소 콩밥은 다 웅이꺼,2
배희경,"취조 먹방,구치소 먹방 ,변호사 접견 먹방, 교도소먹방 콘텐츠 넘치네요",2
칙치기붐,"콜라님들 안녕하세요 웅입니다 
네 오늘은 아침부터 라면10개를 먹고 여자친구를 피터지게 패볼껀데요
경찰이 출동하면 커튼뒤로 숨도록 하겠습니다
패다가 모자라면 무단주거침입도 추가로 주문해보도록 할게요 
시청해주셔서 감사합니다 ",2
채민,콩밥먹방하시나요?,2
T.H. COMPANY,사과영상없는 이유가...사과를 하지않으면 사람들이 잊어버리는 정치스킬사용중이신가요?????현장에서 현행범으로 잡힌건데 뭐 그냥넘어가는거요??,2
토로입니다아,1입1후보단 1일1폭행이 더 잘어울려용!!~~,2
강현준,전여자친구 못 잊어서 범죄를 저질렀다는 게 너무 찌질함 ㅅㅂㅋㅋㅋㅋ,2
아나란날자라,감옥 잘가요~~~~~~ 아 그리고 콩밥먹방도 해주고요,2
r J,교도소 먹방각 보려고 전여친 폭행까지.. 팬들을 생각하는 마음에 감동의 눈물 ~~,2
성민최,여기서 더 놀라운 점 2월에 검찰 송치되서 조사 받았는데 아무 얘기없이 지금 까지 영상올리면서 수익 챙기며 구독자들 개돼지로 본거ㅋㅋㅋㅋㅋㅋㅋㅋㅋㅋㅋㅋㅋ진짜 믿을 사람 없다니까,2
KJJ,현행범 체포되고도 검찰송치 되기 직전까지 영상 올려서 조회수 쪽쪽빨아먹었네 ㅋㅋㅋㅋㅋ,2
망구,해명을 하시라고요 먹방 말고 콩밥으로요,2
ㅇㅇ,검찰 출두 해서 댓글 못 막고 있어 기분 좆같은 웅이면 개추 ㅋㅋ,2
ᄉegw,전여친 피날 때까지 폭행?,2
검은띠,쓰레기 냄새가....,2
Bigpig John,"이런일 있을까바, 그동안 좋은일 많이 했니? 탄원서 라도 받으려고?? 에효...교도소 가면 밥 많이 못먹어서 어쩌나..",2
블루샤크,조만간 감옥에서 봅시다,2
ᄏᄏ,웅이야 웅이야~ 구속됐니,2
yp j,폭행몬스터 그 잡채,2
초밥이,깜빵갈 준비하시고 먹ㄱ는거져!,2
앙앙,왜감방안가요?,2
호롱,지금쯤 구속되어 있을려나?,2
밍둥둥,하루 시작하는게 조사받으러 가는거였노~ ㅎ,2
뭐야뭐야,폭행남도 복귀가 가능할까,2
우애옹,아 역겨워;,2
ㅎ,범 죄 자 물 러 가 라,2
유하준,와 폭력남 우우~~~~,2
백산TV,"웅이 전여친 폭행 사건 어시는분들,?",2
ajyaiy,영상안내려 범죄자야?,2
재강 김,응 콩밥먹방^^,2
하이유구수,안녕하세요 오늘은 똥국을먹으러 감옥을갈거에요 ㅎㅎ,2
이차승,"형 진짜 폭력범아니지?
너무 친근한데 진짜...
영상올리는거면 뉴스 형아니지?
믿어",2
우리집한강보임,폭행범,2
fan star,극혐ㅡㅡ;,2
슬레이어っ,웅이는 먹방도 잘하고 여친도 잘 때리고 교도소도 잘가고~,2
diego messi,"자세히 보면 손에 상처있음 ㄷㄷ
착한 척 기부하고 어르신들 돕는거 연기력 지렸다잉??",2
얌얌,이모님들 사람 때리는사람 처음보죠 호호 ㅎ,2
강호밤,"피해자분 너무 무섭고 힘드시겠어요..ㅜㅜ
믿었던 사람에게 협박,무단친입,심한폭행을 당하셔서 정신적,신체적으로 너무나 고통스러우실텐데 힘내시구요.. 인생에있어서 씻을수없는 평생의 트라웅마,고통,정신적스트레스,공포를 잘 극복 하시길 바랄게요 절대 선처,합의는 안됩니다 어떠한 금전적 요구에도 흔들리지마세요 제2,제3의 피해자를 구해주세요!! 더 큰 범행이 나올수도있는 무서운 사람인것같습니다.. 부디 씻을수없는 고통을 받으신 상황에 합의는 해주지않기를 바래봅니다.. 너무 무서워서 또다른피해자가 없기를 기도합니다ㅜㅜ",2
라임,음식은 싹 먹어버리시구 여친은 싹 패버리시는 웅이님 폼 미.쳤.따.,2
haha,"신기하다 여자친구 피떡이 되도록 패고, 밥 잘먹는 사람 처음봐! 사이코패스인가봐!",2
레시의 게임채널,웅이 예는 매일 볼때마다 구독자가 2~1만명이 줄어있냐 ㅋㅋ 음식도 해치우고 여자친구도 해치는 웅이 인생 래전드다,2
강호밤,판사님 엄벌을 내려주세요 이러한사람 때문에 저희시민들이 벌벌떨어요 순수한척 착한척 몸에악마가 사는 이런사람들이 제일 무섭습니다 엄벌을 내려주세요 너무무섭습니다...,2
도배장선생,구치소에서 설렁탕 먹방 부탁드립니다,2
새치미,열쇠공 불러서 문따서까지 여친을 패다니... 정말 보통사람아님..,2
KAION 카이언,He is prosecuted for breaking into his ex's house by paying a key engineer open it while she is not at home. Also he is under investigation over  a series of violent behaviors against her.,2
88 Foy,콩밥먹방 가즈아 얘 인성파탄인거 소문자자했는데 드디어 가네,2
쭌튜브,야식도 때리고 다른것도 때리고 ㅋㅋㅋㅋㅋ,2
ᄋᄋ,이렇게 순수한 얼굴로 어떻게 여친얼굴 피나게 때릴수가ㅠ믿고싶지않아요 팬이었는데ㅜㅜㅠ,2
벌레랑은 얘기안함,데이트폭력은 근절 돼야죠 . 그게 더 가면 스토킹범죄고 살인까지 가는겁니다. 어른이 되시길,2
K,"신기하다 나 이런사람 처음봐
현행범인데 영상 업로드 
카메라앞에선 착한척 카메라없으면
여친 폭행 레전드네",2
토곰이,"저 사장님은 범죄자인지 모르셨을거아냨ㅋㅋㅋㅋ 하긴 저 사장님 뿐만 아니라 피해자 빼고는 다 몰랐겠징,, 노포다니면서 어르신하고 훈훈한 모습보이더니,,, 나중에 어르신들이라도 편들어줄까싶어서 그런 컨텐츠를 진행한건가 소름이다 진쨬ㅋㅋㅋㅋㅋ",2
축구LOVE,웅이:콜라님들 다음은 교도소에서 교도소 문따고 여친먹방을 해보겠습니다,2
강호밤,범죄자 엄벌 부탁드립니다 너무 무서워서요..ㅠㅠ,2
X친사람들,먹고 싶은걸 저렇게 한정없이 먹을수 있다는게 사실 정말 큰 축복인데 그 능력으로 쉽게 성공해선 결국 죄를 저질러 버리네 ㅌㅋㅋㅋ,2
업빠,여친때리고 먹는 밥이 맛있는 먹방유튜버네,2
솔망구 린망구 놀이터 채널,온갖 착한척  하더니  여친 때리고 밥이 목구멍으로  넘어가니  배는 고픈가보다,2
jin p,사람 때리고 음식이 넘어갈까? 소름끼쳐,2
춘자,꿋꿋하게 돈벌라고 잘도 올리네요 ㅋㅋㅋㅋ 먹어서 돈번걸로 사람 패고 합의금 주고 참 즐겁죠?? ㅋㅋㅋㅋ,2
밀크티,피가 날 정도로 때린거면 정말 할말이 없네요,2
진성 이,진짜 대단한 사람이네요^^ 웅이씨 먹방도 하고 여친 폭행도 하고,2
김남균,무단 주거침입+폭행+협박 이거 큰죄인데 어떻게 계속 유튭에 올라오는 거지? 신기하네...,2
왕님,범죄자 콩밥 한그릇이요 많이주세요,2
메시의팝송,사장님이 당연히 처음보겠지 여자 폭행하고 뻔뻔하게 방송하는데 ㅉㅉ,2
붸런솨캇도무,"무단칩입 데이트 폭행....
선한 겉모습 안에 
잠재되어있던 내면의 악마였던가.....
아직까지도 믿기지않는 현실",2
빈22,많이 먹고 힘 넘쳐서 팻구나,2
감자도둑,범죄자가 식당에 와서 놀라신듯..,2
이지지,믿엇던사람에게 폭력은 피해자는 평생갑니다 지워지지않아요 그상처는,2
이지지,믿엇던사람에게 폭력은 피해자는 평생갑니다 지워지지않아요 그상처는,2
김선진,사람이 되어라!  콩밥도 먹방해야지~ㅋ,2
yj n,여친폭행하고 잘도 먹네요~뉴스에서 잘 봤어요~~,2
송연주,아무렇지않게 먹방하는 폭.행.범.,2
겔겔겔겔겔,안녕하세요 콜라님들! 오늘은 콩밥먹방~~~,2
김원규,아왜 영상 안올려  뭐 재판장에서 먹방하기 이런거  올려줘  수갑차고  먹방도 재미있겠당,2
ㅊㅇㅅ,"하,,,, 진짜 무슨 문을 따고 들어가서 여자친구를 때렸다고??? 그게 진짜야??? 반전 없다고??????????????????",2
사다코,멘탈쩌네 야누스소름돋는다 남자가여자를 때리냐 거시기때서똥개나줘라,2
이해림,교도소 먹방  해  주세요,2
박정환,"폭행으로 검찰 송치됐다길래 와봤더니 잘 먹고 잘 살고 계시네요.
다행입니다. 먹고는 살아야죠.",2
만두,웅이야 천국으로 가기전에 콩밥먹고 가야지,2
SANGYOON LIE,"여친도 국수도 해치운다!!!
콩밥천국!!",2
아무것도안하고구독자천명찍기,아무리 어른들께 예의 바르고해도 인성이 안좋으면 꽝입니다...해명할건 제대로 해명하고 처벌받을건 제대로 처벌받으면 됩니다. 그리고 전 여자친구 한테도 폭행한거 사과하세요 전 여자친구가 뭘 했든 안했든 폭행은 정당화 될수 없습니다. 할머니들 얼굴팔고 그러는거 아닙니다,2
A,검찰 설렁탕 먹방 기다릴게요^^,2
비비드컬러,제목 잘해놨네 나 이런 범죄자처음봐! 검찰에 넘겨졌는데도 태연하게 유투브 업로드를해!,2
ZUN17,웅이야 군대가서 밥먹는데 선임이 갈군다고 폭행이나 안하면 다행이다.,2
아무거나,"여자친구를 구속하고 본인 촬영할땐 집밖에도 못나거게하며 대기하게하고 피카 철철나게 때렸다는게 진짜에요? 뉴스에 나오던데 레알??, 웅이 착한줄알았는데 ...",2
진성 이,"다행이다 나는
웅이처럼 사람은 안 패서^^",2
콩즈애비,"전직 열쇠공 폼 미쳤다 
참고로 어린애 여자 노인 때리는새기는 걸러야한다 
웅아 잘가",2
JDF (Jammin Destroy Facility),이야 어떻게 문따서 여친을 폭행할 생각을 하지? 나 이런 사람 처음봐!!!,2
법규ㅋ,식당 아줌마:와! 나 범죄자 실제로 얼굴 처음 봐!,2
암바사,감옥에서 콩밥 먹방 해주세요,2
juny shin,범죄자 처음봐서 놀래신듯~~~~~~~~~~~~~~~,2
MK K,경찰조사 재판 성실히 받고 처벌받으세요 실망이에요,2
차칸남자,징역가기전 업뎃 겁나 해버려  ㅋㅋ,2
너능머얌,"여자친구 그냥 때렸을 뿐인데 
왜 놀라시죠?ㅋㅋㅋㅋ 썸내일 존나 웃기네 ㅋㅋㅋㅋㅋ",2
콩콩,잘먹는자가 잘때리는법,2
쩌리쩌리,앤 갈수록  얼굴이이상해지지,2
킹메롱,이사람 여친폭행범맞죠? 근대 어케 또 찍을수있는지 무섭다,2
스칼렛 마리아,요즘 연예인이나 인기가 좀 있다하면 데이트폭행이니 뭐니 어휴... 나도 사람 볼 줄 모르나보다ㅠㅠㅠ 진짜 실망이예요...,2
꿀주먹,잘먹고 잘때리는,2
19학번서울대학교,"잠재적 범죄자 같다고 생각했는데
이렇게 예상처럼 범죄자가 됐구나",2
현민 조,검찰 출두 하셔야죠,2
adios nonino,"다는 아니지만 부모가 아닌 다른사람 밑에서 자란 애들이 저런 문제가 많은법임.
부모사링 제대로 못받고 공부도 못하고
학벌도 좋지못한 애가 그저 그렇게 살다가 잘먹는거 하나로 넘치는 사랑에 넘치는 돈까지 얻게되니 벌어진 참극.
예전에 영상보고 웅이 태도문제 댓글 썻더니 웅맘들 개떼처럼 몰려와서 웅이 감싸더구만 다들 어디 가셧나?",2
응키,"After sneaking into his ex-girlfriend's house, he committed a massive assault. He threatened her to tell her she wasn't hit before the police were dispatched, and he was caught red-handed while hiding behind the curtain.",2
초빈,"욱해서 한대친것도  아니고 피가나도록 줘팬거에요?? 
얼마나 아팠을까ㅜ",2
은써야,왜그랬니  그여자는 얼마나 미치도록 힘들고 괴로웠겠니 너가 밥을 열심히 쳐먹는동안 너는 밥이 다 넘어가니 사람도 아니다 실망이다 이래수 믿으면 안돼,2
,,
,,
,,
,,
,,
,,
,,
,,
,,
,,
,,
,,
,,
,,
,,
,,
,,
,,
,,
,,
,,
,,
,,
,,
,,
,,
,,
,,
,,
,,
,,
,,
,,
,,
,,
,,
,,
,,
,,
,,
,,
,,
,,
,,
,,
,,
,,
,,
,,
,,
,,
,,
,,
,,
,,
,,
,,
,,
,,
,,
,,
,,
,,
,,
,,
,,
,,
,,
,,
,,
,,
,,
,,
,,
,,
,,
,,
,,
,,
,,
,,
,,
,,
,,
,,
,,
,,
,,
,,
,,
,,
,,
,,
,,
,,
,,
,,
,,
,,
,,
,,
,,
,,
,,
,,
,,
,,
,,
,,
,,
,,
,,
,,
,,
,,
,,
,,
,,
,,
,,
,,
,,
,,
,,
,,
,,
,,
,,
,,
,,
,,
,,
,,
,,
,,
,,
,,
,,
,,
,,
,,
,,
,,
,,
,,
,,
,,
,,
,,
,,
,,
,,
,,
,,
,,
,,
,,
,,
,,
,,
,,
,,
,,
,,
,,
,,
,,
,,
,,
,,
,,
,,
,,
,,
,,
,,
,,
,,
,,
,,
,,
,,
,,
,,
,,
,,
,,
,,
,,
,,
,,
,,
,,
,,
,,
,,
,,
,,
,,
,,
,,
,,
,,
,,
,,
,,
,,
,,
,,
,,
,,
,,
,,
,,
,,
,,
,,
,,
,,
,,
,,
,,
,,
,,
,,
,,
,,
,,
,,
,,
,,
,,
,,
,,
,,
,,
,,
,,
,,
,,
,,
,,
,,
,,
,,
,,
,,
,,
,,
,,
,,
,,
,,
,,
,,
,,
,,
,,
,,
,,
,,
,,
,,
,,
,,
,,
,,
,,
,,
,,
,,
,,
,,
,,
,,
,,
,,
,,
,,
,,
,,
,,
,,
,,
,,
,,
,,
,,
,,
,,
,,
,,
,,
,,
,,
,,
,,
,,
,,
,,
,,
,,
,,
,,
,,
,,
,,
,,
,,
,,
,,
,,
,,
,,
,,
,,
,,
,,
,,
,,
,,
,,
,,
,,
,,
,,
,,
,,
,,
,,
,,
,,
,,
,,
,,
,,
,,
,,
,,
,,
,,
,,
,,
,,
,,
,,
,,
,,
,,
,,
,,
,,
,,
,,
,,
,,
,,
,,
,,
,,
,,
,,
,,
,,
,,
,,
,,
,,
,,
,,
,,
,,
,,
,,
,,
,,
,,
,,
,,
,,
,,
,,
,,
,,
,,
,,
,,
,,
,,
,,
,,
,,
,,
,,
,,
,,
,,
,,
,,
,,
,,
,,
,,
,,
,,
,,
,,
,,
,,
,,
,,
,,
,,
,,
,,
,,
,,
,,
,,
,,
,,
,,
,,
,,
,,
,,
,,
,,
,,
,,
,,
,,
,,
,,
,,
,,
,,
,,
,,
,,
,,
,,
,,
,,
,,
,,
,,
,,
,,
,,
,,
,,
,,
,,
,,
,,
,,
,,
,,
,,
,,
,,
,,
,,
,,
,,
,,
,,
,,
,,
,,
,,
,,
,,
,,
,,
,,
,,
,,
,,
,,
,,
,,
,,
,,
,,
,,
,,
,,
,,
,,
,,
,,
,,
,,
,,
,,
,,
,,
,,
,,
,,
,,
,,
,,
,,
,,
,,
,,
,,
,,
,,
,,
,,
,,
,,
,,
,,
,,
,,
,,
,,
,,
,,
,,
,,
,,
,,
,,
,,
,,
,,
,,
,,
,,
,,
,,
,,
,,
,,
,,
,,
,,
,,
,,
,,
,,
,,
,,
,,
,,
,,
,,
,,
,,
,,
,,
,,
,,
,,
,,
,,
,,
,,
,,
,,
,,
,,
,,
,,
,,
,,
,,
,,
,,
,,
,,
,,
,,
,,
,,
,,
,,
,,
,,
,,
,,
,,
,,
,,
,,
,,
,,
,,
,,
,,
,,
,,
,,
,,
,,
,,
,,
,,
,,
,,
,,
,,
,,
,,
,,
,,
,,
,,
,,
,,
,,
,,
,,
,,
,,
,,
,,
,,
,,
,,
,,
,,
,,
,,
,,
,,
,,
,,
,,
,,
,,
,,
,,
,,
,,
,,
,,
,,
,,
,,
,,
,,
,,
,,
,,
,,
,,
,,
,,
,,
,,
,,
,,
,,
,,
,,
,,
,,
,,
,,
,,
,,
,,
,,
,,
,,
,,
,,
,,
,,
,,
,,
,,
,,
,,
,,
,,
,,
,,
,,
,,
,,
,,
,,
,,
,,
,,
,,
,,
,,
,,
,,
,,
,,
,,
,,
,,
,,
,,
,,
,,
,,
,,
,,
,,
,,
,,
,,
,,
,,
,,
,,
,,
,,
,,
,,
,,
,,
,,
,,
,,
,,
,,
,,
,,
,,
,,
,,
,,
,,
,,
,,
,,
,,
,,
,,
,,
,,
,,
,,
,,
,,
,,
,,
,,
,,
,,
,,
,,
,,
,,
,,
,,
,,
,,
,,
,,
,,
,,
,,
,,
,,
,,
,,
,,
,,
,,
,,
,,
,,
,,
,,
,,
,,
,,
,,
,,
,,
,,
,,
,,
,,
,,
,,
,,
,,
,,
,,
,,
,,
,,
,,
,,
,,
,,
,,
,,
,,
,,
,,
,,
,,
,,
,,
,,
,,
,,
,,
,,
,,
,,
,,
,,
,,
,,
,,
,,
,,
,,
,,
,,
,,
,,
,,
,,
,,
,,
,,
,,
,,
,,
,,
,,
,,
,,
,,
,,
,,
,,
,,
,,
,,
,,
,,
,,
,,
,,
,,
,,
,,
,,
,,
,,
,,
,,
,,
,,
,,
,,
,,
,,
,,
,,
,,
,,
,,
,,
,,
,,
,,
,,
,,
,,
,,
,,
,,
,,
,,
,,
,,
,,
,,
,,
,,
,,
,,
,,
,,
,,
,,
,,
,,
,,
,,
,,
,,
,,
,,
,,
,,
,,
,,
,,
,,
,,
,,
,,
,,
,,
,,
,,
,,
,,
,,
,,
,,
,,
,,
,,
,,
,,
,,
,,
,,
,,
,,
,,
,,
,,
,,
,,
,,
,,
,,
,,
,,
,,
,,
,,
,,
,,
,,
,,
,,
,,
,,
,,
,,
,,
,,
,,
,,
,,
,,
,,
,,
,,
,,
,,
,,
,,
,,
,,
,,
,,
,,
,,
,,
,,
,,
,,
,,
,,
,,
,,
,,
,,
,,
,,
,,
,,
,,
,,
,,
,,
,,
,,
,,
,,
,,
,,
,,
,,
,,
,,
,,
,,
,,
,,
,,
,,
,,
,,
,,
,,
,,
,,
,,
,,
,,
,,
,,
,,
,,
,,
,,
,,
,,
,,
,,
,,
,,
,,
,,
,,
,,
,,
,,
,,
,,
,,
,,
,,
,,
,,
,,
,,
,,
,,
,,
,,
,,
,,
,,
,,
,,
,,
,,
,,
,,
,,
,,
,,
,,
,,
,,
,,
,,
,,
,,
,,
,,
,,
,,
,,
,,
,,
,,
,,
,,
,,
,,
,,
,,
,,
,,
,,
,,
,,
,,
,,
,,
,,
,,
,,
,,
,,
,,
,,
,,
,,
,,
,,
,,
,,
,,
,,
,,
,,
,,
,,
,,
,,
,,
,,
,,
,,
,,
,,
,,
,,
,,
,,
,,
,,
,,
,,
,,
,,
,,
,,
,,
,,
,,
,,
,,
,,
,,
,,
,,
,,
,,
,,
,,
,,
,,
,,
,,
,,
,,
,,
,,
,,
,,
,,
,,
,,
,,
,,
,,
,,
,,
,,
,,
,,
,,
,,
,,
,,
,,
,,
,,
,,
,,
,,
,,
,,
,,
,,
,,
,,
,,
,,
,,
,,
,,
,,
,,
,,
,,
,,
,,
,,
,,
,,
,,
,,
,,
,,
,,
,,
,,
,,
,,
,,
,,
,,
,,
,,
,,
,,
,,
,,
,,
,,
,,
,,
,,
,,
,,
,,
,,
,,
,,
,,
,,
,,
,,
,,
,,
,,
,,
,,
,,
,,
,,
,,
,,
,,
,,
,,
,,
,,
,,
,,
,,
,,
,,
,,
,,
,,
,,
,,
,,
,,
,,
,,
,,
,,
,,
,,
,,
,,
,,
,,
,,
,,
,,
,,
,,
,,
,,
,,
,,
,,
,,
,,
,,
,,
,,
,,
,,
,,
,,
,,
,,
,,